Bayar,Investasi,0,00,2024-07-06 21:02:43
Bayar,Asuransi,200000,00,2024-07-06 21:02:43
Bayar,Asuransi,120000,00,2024-07-06 21:07:00
Bayar,Bayar,10000,00,2024-07-06 21:07:01
Bayar,Bayar,10000,00,2024-07-06 21:14:11
Investasi,Bayar,0,00,2024-07-06 21:14:12
Asuransi,Bayar,12000,00,2024-07-06 21:18:34
Bayar,Bayar,12000,00,2024-07-06 21:18:35
Asuransi,Bayar,120000,00,2024-07-06 21:21:38
Bayar,Bayar,120000,00,2024-07-06 21:21:38
Asuransi,Bayar,120000,00,2024-07-06 21:21:40
Investasi,Bayar,0,00,2024-07-06 21:23:39
Bayar,Bayar,123132,00,2024-07-06 21:23:39
Bayar,Bayar,1200000,00,2024-07-06 21:23:48
Bayar,Bayar,1200000,00,2024-07-06 21:23:48
Bayar,Bayar,1200000,00,2024-07-06 21:23:48
Bayar,Bayar,1200000,00,2024-07-06 21:23:48
Bayar,Bayar,1200000,00,2024-07-06 21:23:48
Bayar,Bayar,1200000,00,2024-07-06 21:23:49
Investasi,Bayar,0,00,2024-07-06 21:29:09
Bayar,Bayar,1220456,00,2024-07-06 21:29:10
Investasi,Bayar,0,00,2024-07-06 21:29:11
Investasi,Bayar,0,00,2024-07-06 22:13:56
Asuransi,Bayar,312231,00,2024-07-06 22:13:56
Bayar,Bayar,312231,00,2024-07-06 22:13:57
Investasi,Bayar,0,00,2024-07-06 22:13:58
Asuransi,Bayar,312231,00,2024-07-06 22:13:58
Bayar,Bayar,120000,00,2024-07-08 01:14:00
Investasi,Bayar,0,00,2024-07-08 01:22:48
Bayar,Bayar,200000,00,2024-07-08 01:22:49
Investasi,Bayar,0,00,2024-07-08 01:22:49
Bayar,Bayar,200000,00,2024-07-08 01:23:05
Bayar,Bayar,200000,00,2024-07-08 01:23:05
Bayar,Bayar,200000,00,2024-07-08 01:23:05
Bayar,Bayar,200000,00,2024-07-08 01:23:05
Asuransi,Bayar,120000,00,2024-07-08 01:29:33
Bayar,Bayar,120000,00,2024-07-08 01:29:33
Asuransi,Bayar,120000,00,2024-07-08 01:29:34
Investasi,Bayar,0,00,2024-07-08 01:44:59
Bayar,Bayar,1233213,00,2024-07-08 01:45:00
Bayar,Bayar,1324234,00,2024-07-08 02:11:08
Investasi,Bayar,0,00,2024-07-08 02:11:09
Asuransi,Bayar,1324234,00,2024-07-08 02:11:09
Investasi,Bayar,0,00,2024-07-08 02:11:09
Asuransi,Bayar,1324234,00,2024-07-08 02:11:09
Bayar,Bayar,12333123123,00,2024-07-08 02:52:07
Investasi,Bayar,0,00,2024-07-08 02:52:07
